Date,Name,Year,Letterboxd URI
2026-01-11,Interstellar,2014,https://boxd.it/4VZ8
2026-01-11,Fight Club,1999,https://boxd.it/2a9q
2026-01-11,The Truman Show,1998,https://boxd.it/18U8
2026-01-11,Pulp Fiction,1994,https://boxd.it/29Pq
2026-01-11,Oppenheimer,2023,https://boxd.it/wUow
2026-01-11,Spider-Man: Into the Spider-Verse,2018,https://boxd.it/azpY
2026-01-11,Inception,2010,https://boxd.it/1skk
2026-01-11,Knives Out,2019,https://boxd.it/jWEA
2026-01-11,10 Things I Hate About You,1999,https://boxd.it/23AO
2026-01-11,(500) Days of Summer,2009,https://boxd.it/1EmM
2026-01-11,Five Nights at Freddy's 2,2025,https://boxd.it/KEvY
2026-01-11,Kill Bill: Vol. 1,2003,https://boxd.it/70w
2026-01-11,How to Lose a Guy in 10 Days,2003,https://boxd.it/1XwG
2026-01-11,The Perks of Being a Wallflower,2012,https://boxd.it/2ZA8
2026-01-11,It,2017,https://boxd.it/bC8e
2026-01-11,Forrest Gump,1994,https://boxd.it/728
2026-01-11,Kill Bill: Vol. 2,2004,https://boxd.it/2au4
2026-01-11,The Wolf of Wall Street,2013,https://boxd.it/3C1m
2026-01-11,Harry Potter and the Order of the Phoenix,2007,https://boxd.it/29Qe
2026-01-11,Ratatouille,2007,https://boxd.it/27ww
2026-01-11,Five Nights at Freddy's,2023,https://boxd.it/ikHu
2026-01-11,Harry Potter and the Half-Blood Prince,2009,https://boxd.it/29FU
2026-01-11,Coraline,2009,https://boxd.it/1NhQ
2026-01-11,Jurassic World Rebirth,2025,https://boxd.it/KUeE
2026-01-11,Harry Potter and the Deathly Hallows: Part 2,2011,https://boxd.it/1RYk
2026-01-11,13 Going on 30,2004,https://boxd.it/1X6e
2026-01-11,The Hangover,2009,https://boxd.it/1GjK
2026-01-11,Harry Potter and the Deathly Hallows: Part 1,2010,https://boxd.it/1RYu
2026-01-12,Stranger Things 5: The Finale,2025,https://boxd.it/YqXW
2026-01-12,Avatar,2009,https://boxd.it/1Efm
2026-01-12,Avatar: The Way of Water,2022,https://boxd.it/2E2E
2026-01-12,Glass Onion,2022,https://boxd.it/oCkK
2026-01-12,KPop Demon Hunters,2025,https://boxd.it/ufwK
2026-01-12,Pitch Perfect,2012,https://boxd.it/3OsE
2026-01-12,The Fantastic 4: First Steps,2025,https://boxd.it/mP6C
2026-01-12,Zootopia,2016,https://boxd.it/84xS
2026-01-12,Harry Potter and the Prisoner of Azkaban,2004,https://boxd.it/29Qy
2026-01-12,Barbie,2023,https://boxd.it/bCLK
2026-01-12,The Dark Knight,2008,https://boxd.it/2b0k
2026-01-12,Mean Girls,2004,https://boxd.it/1VNg
2026-01-12,Harry Potter and the Philosopher's Stone,2001,https://boxd.it/29QS
2026-01-12,Back to the Future,1985,https://boxd.it/2b8e
2026-01-17,A Nonsense Christmas with Sabrina Carpenter,2024,https://boxd.it/QkR8
2026-01-17,The Queen's Gambit,2020,https://boxd.it/s1Ym
2026-01-25,Superbad,2007,https://boxd.it/20hO
2026-02-06,The Muppet Show,2026,https://boxd.it/XGno
2026-04-28,Jurassic Park,1993,https://boxd.it/2aA2
2026-04-28,EuroTrip,2004,https://boxd.it/1YTQ
2026-05-29,The Quintessential Quintuplets∽,2023,https://boxd.it/HEt8
2026-05-29,The Quintessential Quintuplets＊,2024,https://boxd.it/N6Yo
2026-05-29,The Quintessential Quintuplets Movie,2022,https://boxd.it/uUj8
2026-06-16,Michael,2026,https://boxd.it/zi5M
